#### 算术运算符

算术运算符主要用于数学运算，其可以连接运算符前后的两个数值或表达式，对数值或表达式进行加(+)、减(-)、乘(*)、除(/)和取模(%)运算。

```sql
mysql> SELECT 100 + 0, 100 - 0, 100 * 50, 100 / 50 -30, 100 % 35.5, 100 - 35.5 FROM dual;
+---------+---------+----------+--------------+------------+------------+
| 100 + 0 | 100 - 0 | 100 * 50 | 100 / 50 -30 | 100 % 35.5 | 100 - 35.5 |
+---------+---------+----------+--------------+------------+------------+
|     100 |     100 |     5000 |     -28.0000 |       29.0 |       64.5 |
+---------+---------+----------+--------------+------------+------------+
1 row in set (0.00 sec)
```

#### 比较运算符

比较运算符用来对表达式左边的操作数和右边的操作数进行比较，比较的结果为真则返回1，比较的结果 为假则返回0，其他情况则返回NULL。

```sql
mysql> SELECT 1 = 100, 1 != 2, 1 = NULL, 1 <=> NULL, NULL = NULL, NULL <=> NULL FROM dual;
+---------+--------+----------+------------+-------------+---------------+
| 1 = 100 | 1 != 2 | 1 = NULL | 1 <=> NULL | NULL = NULL | NULL <=> NULL |
+---------+--------+----------+------------+-------------+---------------+
|       0 |      1 |     NULL |          0 |        NULL |             1 |
+---------+--------+----------+------------+-------------+---------------+
1 row in set (0.00 sec)
mysql> SELECT 1 > 2, 2 < 1, 2>=2 FROM dual;
+-------+-------+------+
| 1 > 2 | 2 < 1 | 2>=2 |
+-------+-------+------+
|     0 |     0 |    1 |
+-------+-------+------+
1 row in set (0.00 sec)
mysql> SELECT 'A'='a', 'NULL'=NULL, 'NULL'<=>NULL FROM dual;
+---------+-------------+---------------+
| 'A'='a' | 'NULL'=NULL | 'NULL'<=>NULL |
+---------+-------------+---------------+
|       1 |        NULL |             0 |
+---------+-------------+---------------+
1 row in set (0.00 sec)
```

- 空运算符(IS NULL或者ISNULL)判断一个值是否为NULL，如果为NULL则返回1，否则返回 0。

```sql
mysql> SELECT NULL IS NULL, ISNULL(NULL), ISNULL('A') FROM dual;	#IS NULL 为NULL
+--------------+--------------+-------------+
| NULL IS NULL | ISNULL(NULL) | ISNULL('A') |
+--------------+--------------+-------------+
|            1 |            1 |           0 |
+--------------+--------------+-------------+
1 row in set (0.00 sec)

SELECT commission_pct FROM employees WHERE commission_pct IS NULL;
SELECT commission_pct FROM employees WHERE commission_pct <=> NULL;
```

- 非空运算符(IS NOT NULL)判断一个值是否不为NULL，如果不为NULL则返回1，否则返 回0。

```sql
mysql> SELECT 'A' IS NOT NULL, NULL IS NOT NULL FROM dual;	#IS NOT NULL 不为NULL
+-----------------+------------------+
| 'A' IS NOT NULL | NULL IS NOT NULL |
+-----------------+------------------+
|               1 |                0 |
+-----------------+------------------+
1 row in set (0.00 sec)

SELECT commission_pct FROM employees WHERE commission_pct IS NOT NULL;
```

- 最小值运算符 语法格式为:LEAST(值1，值2，...，值n)。其中，“值n”表示参数列表中有n个值。在有 两个或多个参数的情况下，返回最小值。

```sql
mysql> SELECT LEAST(1,2,3);	#获取最小值
+--------------+
| LEAST(1,2,3) |
+--------------+
|            1 |
+--------------+
1 row in set (0.00 sec)
```

- 最大值运算符语法格式为:GREATEST(值1，值2，...，值n)。其中，n表示参数列表中有n个值。当有 两个或多个参数时，返回值为最大值。假如任意一个自变量为NULL，则GREATEST()的返回值为NULL。

```sql
mysql> SELECT GREATEST(1,2,3);	//获取最大值
+-----------------+
| GREATEST(1,2,3) |
+-----------------+
|               3 |
+-----------------+
1 row in set (0.00 sec)
```

- BETWEEN AND运算符,BETWEEN运算符使用的格式通常为SELECT D FROM TABLE WHERE C BETWEEN A AND B，此时，当C大于或等于A，并且C小于或等于B时，结果为1，否则结果为0。

```sql
mysql> SELECT 1 BETWEEN 0 AND 1, 10 BETWEEN 11 AND 12, 'b' BETWEEN 'a' AND 'c';
+-------------------+----------------------+-------------------------+
| 1 BETWEEN 0 AND 1 | 10 BETWEEN 11 AND 12 | 'b' BETWEEN 'a' AND 'c' |
+-------------------+----------------------+-------------------------+
|                 1 |                    0 |                       1 |
+-------------------+----------------------+-------------------------+
1 row in set (0.00 sec)

SELECT * FROM employees WHERE salary BETWEEN 6000 AND 7000;	#查询工资6000-6000的
#查询1998-1-1到2001-1-1的时间范围
SELECT * FROM employees WHERE hire_date BETWEEN '1998-1-1' AND '2001-1-1';
```

-  IN运算符用于判断给定的值是否是IN列表中的一个值，如果是则返回1，否则返回0。如果给 定的值为NULL，或者IN列表中存在NULL，则结果为NULL。

```sql
mysql> SELECT 'a' IN('a','B','c'), 1 IN(2,3,4,'1');
+---------------------+-----------------+
| 'a' IN('a','B','c') | 1 IN(2,3,4,'1') |
+---------------------+-----------------+
|                   1 |               1 |
+---------------------+-----------------+
1 row in set (0.01 sec)
#查询manger_id是100，102，108
SELECT * FROM employees WHERE manager_id IN(100,102,108);
```

-  NOT IN运算符用于判断给定的值是否不是IN列表中的一个值，如果不是IN列表中的一 个值，则返回1，否则返回0。

```sql
mysql> SELECT 'a' NOT IN(1,2,3),1 NOT IN(1,2,3);
+-------------------+-----------------+
| 'a' NOT IN(1,2,3) | 1 NOT IN(1,2,3) |
+-------------------+-----------------+
|                 1 |               0 |
+-------------------+-----------------+
1 row in set, 1 warning (0.00 sec)
#查询manger_id不包括200，201，108的
SELECT * FROM departments WHERE manager_id NOT IN(200,201,108);
```

- LIKE运算符主要用来匹配字符串，通常用于模糊匹配，如果满足条件则返回1，否则返回 0。如果给定的值或者匹配条件为NULL，则返回结果为NULL。

```SQL
mysql> SELECT 'a' LIKE('abc'), 'abcd' LIKE('%a%');
+-----------------+--------------------+
| 'a' LIKE('abc') | 'abcd' LIKE('%a%') |
+-----------------+--------------------+
|               0 |                  1 |
+-----------------+--------------------+
1 row in set (0.00 sec)
#查询last_name中包含K的
SELECT * FROM employees WHERE last_name LIKE("%K%");
#查询last_name中以K开头的
SELECT * FROM employees where last_name LIKE('K%');
#查询last_name中不包括K的
SELECT * FROM employees WHERE NOT last_name LIKE('%K%');
#查询last_name中第二个是o的
SELECT * FROM employees WHERE last_name LIKE("_o%");
#\转义符
SELECT * FROM employees WHERE job_id LIKE("IT\_%");
```

- REGEXP运算符
  - ‘^’匹配以该字符后面的字符开头的字符串。
  - ‘$’匹配以该字符前面的字符结尾的字符串。
  - `.`匹配任何一个单字符。
  -  `[...]`匹配在方括号内的任何字符。例如，“[abc]”匹配“a”或“b”或“c”。为了命名字符的范围，使用一 个‘-’。“[a-z]”匹配任何字母，而“[0-9]”匹配任何数字。
  -  `*`匹配零个或多个在它前面的字符。例如，`x*`匹配任何数量的‘x’字符，“[0-9]*”匹配任何数量的数字， 而“*”匹配任何数量的任何字符。

```sql
#查询job_id以I开头的
SELECT * FROM employees WHERE job_id REGEXP "^I";
#查询job_id以G结尾的
SELECT * FROM employees WHERE job_id REGEXP "G$"
SELECT 'hello' REGEXP 'll', 'world' REGEXP '[ab]' FROM DUAL;
```

#### 逻辑运算符

- 逻辑非运算符：逻辑非(NOT或!)运算符表示当给定的值为0时返回1;当给定的值为非0值时返回0; 当给定的值为NULL时，返回NULL。

```sql
SELECT 1=1,NOT 1=1,1!=1,NOT 1,NOT 0 FROM DUAL;
#查询department_id不包括10，20，30
SELECT * FROM departments WHERE NOT department_id IN(10,20,30);
```

- 逻辑与运算符：逻辑与(AND或&&)运算符是当给定的所有值均为非0值，并且都不为NULL时，返回 1;当给定的一个值或者多个值为0时则返回0;否则返回NULL。

```sql
SELECT 1 AND 0, 1 AND 1, 2 && 2, 2 && 1, 2 && 0, 1 && NULL;
```

- 逻辑或运算符：逻辑或(OR或||)运算符是当给定的值都不为NULL，并且任何一个值为非0值时，则返 回1，否则返回0;当一个值为NULL，并且另一个值为非0值时，返回1，否则返回NULL;当两个值都为 NULL时，返回NULL。

```sql
SELECT 1 OR 0, 1 OR NULL, 0 OR 1, 0 OR 0, 1 || 1, 0 || 1, 1||0, 0||0; 
```

- 逻辑异或运算符：逻辑异或(XOR)运算符是当给定的值中任意一个值为NULL时，则返回NULL;如果 两个非NULL的值都是0或者都不等于0时，则返回0;如果一个值为0，另一个值不为0时，则返回1。

```sql
SELECT 0 XOR 0, 1 XOR 0, 1 XOR NULL, NULL XOR NULL;
```

#### 位运算符

- 按位与运算符：按位与(&)运算符将给定值对应的二进制数逐位进行逻辑与运算。当给定值对应的二进制位的数值都为1时，则该位返回1，否则返回0。

```sql
SELECT 1 & 10,20 & 30;
```

- 按位或运算符：按位或(|)运算符将给定的值对应的二进制数逐位进行逻辑或运算。当给定值对应的二进制位的数值有一个或两个为1时，则该位返回1，否则返回0。

```sql
SELECT 1 | 10, 20|30;
```

- 按位取反运算符：按位取反(~)运算符将给定的值的二进制数逐位进行取反操作，即将1变为0，将0变 为1。

- 按位右移运算符：按位右移(>>)运算符将给定的值的二进制数的所有位右移指定的位数。右移指定的 位数后，右边低位的数值被移出并丢弃，左边高位空出的位置用0补齐。

```sql
SELECT 10>>2, 20>>2;
```

- 按位左移运算符：按位左移(<<)运算符将给定的值的二进制数的所有位左移指定的位数。左移指定的 位数后，左边高位的数值被移出并丢弃，右边低位空出的位置用0补齐。

```sql
SELECT 10<<2, 20<<2;
```

